condition,benchmark,model,paradigm,prompt_mode,file,questions,samples_per_question,mean_unique_normalized_answers,mean_duplicate_rate,mean_answer_entropy_bits,mean_valid_output_diversity,mean_correct_output_diversity,mean_parse_valid_rate,pass_at_1,pass_at_8,pass_at_max,pass_gain,early_gain,late_gain,pass_auc
gsm8k_base,gsm8k,LLaDA,dLLM,base_native,results/milestone2_gsm8k_base/GSAI-ML_LLaDA-8B-Base_256_256_32_1_0.7_4_128_128_generations_base_native_fast_dllm.json,128,128,16.2890625,0.003662109375,1.7287774454974785,16.2890625,2.984375,1.0,0.62847900390625,0.8799551054323468,0.984375,0.35589599609375,0.25147610152609606,0.10441989456765392,0.9419447311511114
gsm8k_base,gsm8k,Dream,dLLM,base_native,results/milestone2_gsm8k_base/Dream-org_Dream-v0-Base-7B_256_256_32_1_0.7_4_128_128_generations_base_native_fast_dllm.json,128,128,10.71875,0.00189208984375,1.2086972042561694,10.71875,1.625,0.9998779296875,0.7237548828125,0.923458768928704,0.9765625,0.2528076171875,0.19970388611620363,0.05310373107129641,0.9521391009288125
gsm8k_base,gsm8k,Qwen,AR,base_native,results/milestone2_gsm8k_base/Qwen_Qwen2.5-7B_256_1_0.7_4_128_128_generations_base_native_vllm.json,128,128,18.109375,6.103515625e-05,1.6693297394767095,18.109375,1.0,1.0,0.695068359375,0.9633253057368006,1.0,0.304931640625,0.26825694636180114,0.036674694263198984,0.9839224816382977
gsm8k_base,gsm8k,Llama,AR,base_native,results/milestone2_gsm8k_base/meta-llama_Llama-3.1-8B_256_1_0.7_4_128_128_generations_base_native_vllm.json,128,128,70.484375,0.0,5.507826617154234,70.484375,1.0,0.99969482421875,0.13592529296875,0.6212068120781823,1.0,0.86407470703125,0.4852815191094323,0.3787931879218178,0.9102523963811933
gsm8k_instruct,gsm8k,LLaDA,dLLM,instruct_templated,results/milestone2_gsm8k_instruct/GSAI-ML_LLaDA-8B-Instruct_256_256_8_1_0.7_4_128_128_generations_instruct_templated_fast_dllm.json,128,128,7.2734375,0.10162353515625,0.8784789038284261,7.2734375,0.9921875,1.0,0.75848388671875,0.9418068376238111,0.9921875,0.23370361328125,0.1833229509050611,0.050380662376189,0.9723637777687927
gsm8k_instruct,gsm8k,Dream,dLLM,instruct_templated,results/milestone2_gsm8k_instruct/Dream-org_Dream-v0-Instruct-7B_256_256_32_1_0.7_4_128_128_generations_instruct_templated_fast_dllm.json,128,128,7.4765625,0.35028076171875,0.8894795292504954,7.4765625,0.984375,0.99981689453125,0.76287841796875,0.9265051460970294,0.9765625,0.21368408203125,0.16362672812827894,0.05005735390297101,0.9571787316967107
gsm8k_instruct,gsm8k,Qwen,AR,instruct_templated,results/milestone2_gsm8k_instruct/Qwen_Qwen2.5-7B-Instruct_256_1_0.7_4_128_128_generations_instruct_templated_vllm.json,128,128,5.71875,0.00860595703125,0.75147373170884,5.71875,1.0,1.0,0.7974853515625,0.9444879606738303,1.0,0.2025146484375,0.14700260911133037,0.05551203932616962,0.9754937679459107
gsm8k_instruct,gsm8k,Llama,AR,instruct_templated,results/milestone2_gsm8k_instruct/meta-llama_Llama-3.1-8B-Instruct_256_1_0.7_4_128_128_generations_instruct_templated_vllm.json,128,128,8.546875,0.0126953125,1.016479120725092,8.546875,1.0,0.99993896484375,0.78326416015625,0.9768804484272666,1.0,0.21673583984375,0.1936162882710163,0.023119551572733675,0.9868013334841905
countdown_base,countdown,LLaDA,dLLM,base_native,results/milestone2_countdown_base_refresh/GSAI-ML_LLaDA-8B-Base_countdown_cd4_32_32_32_8_0.7_8_992_128_generations_base_native_fast_dllm.json,992,128,1.313508064516129,0.553986580141129,0.05429117114311074,1.313508064516129,0.2721774193548387,0.9999842489919355,0.14285376764112903,0.19980551664904453,0.2721774193548387,0.1293236517137097,0.05695174900791551,0.0723719027057941,0.2451875244673027
countdown_base,countdown,Dream,dLLM,base_native,results/milestone2_countdown_base_refresh/Dream-org_Dream-v0-Base-7B_countdown_cd4_32_32_32_8_0.7_8_992_128_generations_base_native_fast_dllm.json,992,128,1.4243951612903225,0.21952967489919356,0.057324851696399094,1.4243951612903225,0.37600806451612906,0.999968497983871,0.113037109375,0.24420719453270592,0.37600806451612906,0.26297095514112906,0.1311700851577061,0.13180086998342294,0.33143288355769684
countdown_base,countdown,Qwen,AR,base_native,results/milestone2_countdown_base_refresh/Qwen_Qwen2.5-7B_countdown_cd4_32_8_0.7_8_992_128_generations_base_native_vllm.json,992,128,44.65221774193548,0.1576360887096774,4.615244193428385,44.65221774193548,0.5131048387096774,1.0,0.040432837701612906,0.2102716085749934,0.5131048387096774,0.4726720010080645,0.1698387708733805,0.30283323013468383,0.4144796100780452
countdown_base,countdown,Llama,AR,base_native,results/milestone2_countdown_base_refresh/meta-llama_Llama-3.1-8B_countdown_cd4_32_8_0.7_8_992_128_generations_base_native_vllm.json,992,128,58.83568548387097,0.04699313256048387,4.918736617313413,58.83568548387097,0.4949596774193548,1.0,0.027005103326612902,0.15956382553865842,0.4949596774193548,0.46795457409274194,0.13255872221204557,0.3353958518806971,0.3825726137434499
countdown_instruct,countdown,LLaDA,dLLM,instruct_templated,results/milestone2_countdown_instruct_refresh/GSAI-ML_LLaDA-8B-Instruct_countdown_cd4_32_32_32_8_0.7_8_992_128_generations_instruct_templated_fast_dllm.json,992,128,1.3629032258064515,0.8553663684475806,0.06314149030328145,1.3629032258064515,0.055443548387096774,0.9991573210685484,0.024091166834677418,0.03614234683782982,0.055443548387096774,0.03135238155241935,0.0120511800031524,0.01930120154926695,0.04871560545175083
countdown_instruct,countdown,Dream,dLLM,instruct_templated,results/milestone2_countdown_instruct_refresh/Dream-org_Dream-v0-Instruct-7B_countdown_cd4_32_32_32_8_0.7_8_992_128_generations_instruct_templated_fast_dllm.json,992,128,2.3850806451612905,0.8419780115927419,0.2191099868130429,2.3850806451612905,0.3245967741935484,0.9999448714717742,0.09148185483870967,0.19643304495978484,0.3225806451612903,0.23109879032258066,0.10495119012107544,0.1261476002015052,0.2765595938594539
countdown_instruct,countdown,Qwen,AR,instruct_templated,results/milestone2_countdown_instruct_refresh/Qwen_Qwen2.5-7B-Instruct_countdown_cd4_32_8_0.7_8_992_128_generations_instruct_templated_vllm.json,992,128,4.65625,0.9491557459677419,1.2332767493191452,4.65625,0.22076612903225806,1.0,0.07838489163306452,0.15926082346818635,0.22076612903225806,0.14238123739919356,0.08087593183512176,0.06150530556407181,0.20154723938475091
countdown_instruct,countdown,Llama,AR,instruct_templated,results/milestone2_countdown_instruct_refresh/meta-llama_Llama-3.1-8B-Instruct_countdown_cd4_32_8_0.7_8_992_128_generations_instruct_templated_vllm.json,992,128,34.534274193548384,0.3363549017137097,3.9396963956827515,34.534274193548384,0.46169354838709675,0.9999606224798387,0.05775107106854839,0.24382100533754128,0.46169354838709675,0.4039424773185484,0.18606993426899293,0.21787254304955553,0.3915281684589329
trip_planning_base,trip_planning,LLaDA,dLLM,base_native,results/milestone2_trip_planning_llada_passk/GSAI-ML_LLaDA-8B-Base_trip_planning_256_256_32_1_0.7_2_200_64_generations_base_native_fast_dllm.json,200,64,30.08,0.248203125,3.9942872906909996,30.08,0.185,0.999921875,0.036171875,0.1004489768196117,0.165,0.128828125,0.06427710181961167,0.06455102318038833,0.13279055402559936
trip_planning_base,trip_planning,Dream,dLLM,base_native,results/Dream-org_Dream-v0-Base-7B_trip_planning_256_256_32_1_0.7_2_200_64_generations_fast_dllm.json,200,64,34.89,0.095,4.293203484364562,34.89,0.835,0.82515625,0.054375,0.13372758258859524,0.225,0.170625,0.07935258258859522,0.09127241741140478,0.1763832106810368
trip_planning_base,trip_planning,Qwen,AR,base_native,results/Qwen_Qwen2.5-7B_trip_planning_256_1_0.7_2_200_64_generations_vllm.json,200,64,44.79,0.06375,5.018087846912576,44.79,0.16,0.887734375,0.01484375,0.06952066269025128,0.155,0.14015625,0.054676912690251295,0.08547933730974869,0.11474102060094715
trip_planning_base,trip_planning,Llama,AR,base_native,results/milestone2_trip_planning_llama_passk/meta-llama_Llama-3.1-8B_trip_planning_256_1_0.7_2_200_64_generations_base_native_vllm.json,200,64,20.27,0.56609375,2.609950118024818,20.27,0.255,0.42234375,0.02453125,0.11714979472949509,0.255,0.23046875,0.09261854472949504,0.13785020527050493,0.18657173910438815
trip_planning_instruct,trip_planning,LLaDA,dLLM,instruct_templated,results/milestone2_trip_planning_llada_passk/GSAI-ML_LLaDA-8B-Instruct_trip_planning_256_256_16_1_0.7_2_200_64_generations_instruct_templated_fast_dllm.json,200,64,45.675,0.045,5.034794825460064,45.675,0.105,1.0,0.01,0.04662279755788826,0.105,0.095,0.03662279755788826,0.05837720244211174,0.07940500606489395
trip_planning_instruct,trip_planning,Dream,dLLM,instruct_templated,results/Dream-org_Dream-v0-Instruct-7B_trip_planning_256_256_32_1_0.7_2_200_64_generations_fast_dllm.json,200,64,25.965,0.43578125,3.4681989020313244,25.965,0.15,0.9915625,0.0565625,0.10506001939781115,0.15,0.0934375,0.04849751939781116,0.04493998060218882,0.1285765831567705
trip_planning_instruct,trip_planning,Qwen,AR,instruct_templated,results/Qwen_Qwen2.5-7B-Instruct_trip_planning_256_1_0.7_2_200_64_generations_vllm.json,200,64,39.92,0.0078125,4.520542813015083,39.92,0.085,1.0,0.016484375,0.04912969559771767,0.085,0.068515625,0.03264532059771767,0.035870304402282324,0.06831499880247482
trip_planning_instruct,trip_planning,Llama,AR,instruct_templated,results/milestone2_trip_planning_llama_passk/meta-llama_Llama-3.1-8B-Instruct_trip_planning_256_1_0.7_2_200_64_generations_instruct_templated_vllm.json,200,64,33.85,0.00109375,3.980759843656066,33.85,0.215,0.62859375,0.017109375,0.08447715203057456,0.21,0.192890625,0.06736777703057455,0.12552284796942542,0.1465418202210177
