benchmark,condition,model,paradigm,prompt_mode,file,questions,samples_per_question,total_samples,parsed_samples,parse_failures,format_failures,validity_failures,correct_samples,alternate_correct_samples,parse_failure_rate,correct_rate_parsed,correct_rate_all
gsm8k,base_4shot_n128,LLaDA,dLLM,base_native,results/milestone2_gsm8k_base/GSAI-ML_LLaDA-8B-Base_256_256_32_1_0.7_4_128_128_generations_base_native_fast_dllm.json,128,128,16384,15721,0,663,5424,10297,10072,0.0,0.6549837796577825,0.62847900390625
gsm8k,base_4shot_n128,Dream,dLLM,base_native,results/milestone2_gsm8k_base/Dream-org_Dream-v0-Base-7B_256_256_32_1_0.7_4_128_128_generations_base_native_fast_dllm.json,128,128,16384,15977,2,405,4119,11858,11796,0.0001220703125,0.7421919008574827,0.7237548828125
gsm8k,base_4shot_n128,Qwen,AR,base_native,results/milestone2_gsm8k_base/Qwen_Qwen2.5-7B_256_1_0.7_4_128_128_generations_base_native_vllm.json,128,128,16384,14973,0,1411,3585,11388,11617,0.0,0.7605690242436386,0.695068359375
gsm8k,base_4shot_n128,Llama,AR,base_native,results/milestone2_gsm8k_base/meta-llama_Llama-3.1-8B_256_1_0.7_4_128_128_generations_base_native_vllm.json,128,128,16384,14451,5,1928,12224,2227,2309,0.00030517578125,0.1541069822157636,0.13592529296875
gsm8k,instruct_0shot_n16,LLaDA,dLLM,instruct_templated,results/milestone2_gsm8k_instruct_0shot/GSAI-ML_LLaDA-8B-Instruct_256_256_8_1_0.7_0_256_16_generations_instruct_templated_fast_dllm.json,256,16,4096,3767,0,329,669,3098,3298,0.0,0.8224050968940801,0.75634765625
gsm8k,instruct_0shot_n16,Dream,dLLM,instruct_templated,results/milestone2_gsm8k_instruct_0shot/Dream-org_Dream-v0-Instruct-7B_256_256_32_1_0.7_0_256_16_generations_instruct_templated_fast_dllm.json,256,16,4096,3779,15,302,701,3078,3226,0.003662109375,0.8145011907912146,0.75146484375
gsm8k,instruct_0shot_n16,Qwen,AR,instruct_templated,results/milestone2_gsm8k_instruct_0shot/Qwen_Qwen2.5-7B-Instruct_256_1_0.7_0_256_16_generations_instruct_templated_vllm.json,256,16,4096,2935,0,1161,749,2186,2505,0.0,0.7448040885860306,0.53369140625
gsm8k,instruct_0shot_n16,Llama,AR,instruct_templated,results/milestone2_gsm8k_instruct_0shot/meta-llama_Llama-3.1-8B-Instruct_256_1_0.7_0_256_16_generations_instruct_templated_vllm.json,256,16,4096,2220,0,1876,195,2025,2694,0.0,0.9121621621621622,0.494384765625
gsm8k,instruct_4shot_n16,LLaDA,dLLM,instruct_templated,results/milestone2_gsm8k_instruct_4shot/GSAI-ML_LLaDA-8B-Instruct_256_256_8_1_0.7_4_256_16_generations_instruct_templated_fast_dllm.json,256,16,4096,3903,0,193,705,3198,3333,0.0,0.819369715603382,0.78076171875
gsm8k,instruct_4shot_n16,Dream,dLLM,instruct_templated,results/milestone2_gsm8k_instruct_4shot/Dream-org_Dream-v0-Instruct-7B_256_256_32_1_0.7_4_256_16_generations_instruct_templated_fast_dllm.json,256,16,4096,4044,1,51,903,3141,3155,0.000244140625,0.776706231454006,0.766845703125
gsm8k,instruct_4shot_n16,Qwen,AR,instruct_templated,results/milestone2_gsm8k_instruct_4shot/Qwen_Qwen2.5-7B-Instruct_256_1_0.7_4_256_16_generations_instruct_templated_vllm.json,256,16,4096,3455,0,641,225,3230,3383,0.0,0.934876989869754,0.78857421875
gsm8k,instruct_4shot_n16,Llama,AR,instruct_templated,results/milestone2_gsm8k_instruct_4shot/meta-llama_Llama-3.1-8B-Instruct_256_1_0.7_4_256_16_generations_instruct_templated_vllm.json,256,16,4096,4009,0,87,802,3207,3222,0.0,0.7999501122474433,0.782958984375
gsm8k,instruct_templated_n128,LLaDA,dLLM,instruct_templated,results/milestone2_gsm8k_instruct/GSAI-ML_LLaDA-8B-Instruct_256_256_8_1_0.7_4_128_128_generations_instruct_templated_fast_dllm.json,128,128,16384,15535,0,849,3108,12427,12958,0.0,0.7999356292243321,0.75848388671875
gsm8k,instruct_templated_n128,Dream,dLLM,instruct_templated,results/milestone2_gsm8k_instruct/Dream-org_Dream-v0-Instruct-7B_256_256_32_1_0.7_4_128_128_generations_instruct_templated_fast_dllm.json,128,128,16384,16127,3,254,3628,12499,12553,0.00018310546875,0.775035654492466,0.76287841796875
gsm8k,instruct_templated_n128,Qwen,AR,instruct_templated,results/milestone2_gsm8k_instruct/Qwen_Qwen2.5-7B-Instruct_256_1_0.7_4_128_128_generations_instruct_templated_vllm.json,128,128,16384,13747,0,2637,681,13066,13727,0.0,0.9504619189641377,0.7974853515625
gsm8k,instruct_templated_n128,Llama,AR,instruct_templated,results/milestone2_gsm8k_instruct/meta-llama_Llama-3.1-8B-Instruct_256_1_0.7_4_128_128_generations_instruct_templated_vllm.json,128,128,16384,16009,1,374,3176,12833,12937,6.103515625e-05,0.8016115934786683,0.78326416015625
gsm8k,instruct_flat_n128,LLaDA,dLLM,instruct_flat,results/milestone2_gsm8k_instruct/GSAI-ML_LLaDA-8B-Instruct_256_256_8_1_0.7_4_128_128_generations_instruct_flat_fast_dllm.json,128,128,16384,15935,0,449,3337,12598,12756,0.0,0.7905867587072481,0.7689208984375
gsm8k,instruct_flat_n128,Dream,dLLM,instruct_flat,results/milestone2_gsm8k_instruct/Dream-org_Dream-v0-Instruct-7B_256_256_32_1_0.7_4_128_128_generations_instruct_flat_fast_dllm.json,128,128,16384,15887,2,495,4268,11619,11775,0.0001220703125,0.7313526782904262,0.70916748046875
gsm8k,instruct_flat_n128,Qwen,AR,instruct_flat,results/milestone2_gsm8k_instruct/Qwen_Qwen2.5-7B-Instruct_256_1_0.7_4_128_128_generations_instruct_flat_vllm.json,128,128,16384,12891,0,3493,813,12078,13035,0.0,0.9369327437747266,0.7371826171875
gsm8k,instruct_flat_n128,Llama,AR,instruct_flat,results/milestone2_gsm8k_instruct/meta-llama_Llama-3.1-8B-Instruct_256_1_0.7_4_128_128_generations_instruct_flat_vllm.json,128,128,16384,15468,0,916,12215,3253,3342,0.0,0.21030514610809414,0.19854736328125
countdown,base_refresh,LLaDA,dLLM,base_native,results/milestone2_countdown_base_refresh/GSAI-ML_LLaDA-8B-Base_countdown_cd4_32_32_32_8_0.7_8_992_128_generations_base_native_fast_dllm.json,992,128,126976,126958,1,823,108013,18139,0,7.875504032258064e-06,0.14287402132988863,0.14285376764112903
countdown,base_refresh,Dream,dLLM,base_native,results/milestone2_countdown_base_refresh/Dream-org_Dream-v0-Base-7B_countdown_cd4_32_32_32_8_0.7_8_992_128_generations_base_native_fast_dllm.json,992,128,126976,126952,0,1028,111595,14353,0,0.0,0.11305847879513517,0.113037109375
countdown,base_refresh,Qwen,AR,base_native,results/milestone2_countdown_base_refresh/Qwen_Qwen2.5-7B_countdown_cd4_32_8_0.7_8_992_128_generations_base_native_vllm.json,992,128,126976,126976,0,33005,88837,5134,0,0.0,0.040432837701612906,0.040432837701612906
countdown,base_refresh,Llama,AR,base_native,results/milestone2_countdown_base_refresh/meta-llama_Llama-3.1-8B_countdown_cd4_32_8_0.7_8_992_128_generations_base_native_vllm.json,992,128,126976,126974,0,44593,78954,3429,0,0.0,0.027005528690913102,0.027005103326612902
countdown,instruct_refresh,LLaDA,dLLM,instruct_templated,results/milestone2_countdown_instruct_refresh/GSAI-ML_LLaDA-8B-Instruct_countdown_cd4_32_32_32_8_0.7_8_992_128_generations_instruct_templated_fast_dllm.json,992,128,126976,126638,106,1408,122403,3059,0,0.0008348034274193549,0.024155466763530694,0.024091166834677418
countdown,instruct_refresh,Dream,dLLM,instruct_templated,results/milestone2_countdown_instruct_refresh/Dream-org_Dream-v0-Instruct-7B_countdown_cd4_32_32_32_8_0.7_8_992_128_generations_instruct_templated_fast_dllm.json,992,128,126976,126883,5,5485,109870,11616,0,3.937752016129032e-05,0.09154890726102,0.09148185483870967
countdown,instruct_refresh,Qwen,AR,instruct_templated,results/milestone2_countdown_instruct_refresh/Qwen_Qwen2.5-7B-Instruct_countdown_cd4_32_8_0.7_8_992_128_generations_instruct_templated_vllm.json,992,128,126976,126976,0,3038,113985,9953,0,0.0,0.07838489163306452,0.07838489163306452
countdown,instruct_refresh,Llama,AR,instruct_templated,results/milestone2_countdown_instruct_refresh/meta-llama_Llama-3.1-8B-Instruct_countdown_cd4_32_8_0.7_8_992_128_generations_instruct_templated_vllm.json,992,128,126976,126946,5,43175,76463,7333,0,3.937752016129032e-05,0.05776471885683677,0.05775107106854839
countdown,prompt_diag,LLaDA,dLLM,instruct_templated,results/GSAI-ML_LLaDA-8B-Instruct_countdown_cd4_32_32_32_8_0.7_8_512_128_generations_instruct_templated_fast_dllm.json,512,128,65536,65480,2,759,63679,1096,0,3.0517578125e-05,0.016737935247403787,0.0167236328125
countdown,prompt_diag,LLaDA,dLLM,instruct_flat,results/GSAI-ML_LLaDA-8B-Instruct_countdown_cd4_32_32_32_8_0.7_8_512_128_generations_instruct_flat_fast_dllm.json,512,128,65536,64543,845,139,63434,1118,0,0.0128936767578125,0.017321785476349102,0.017059326171875
countdown,prompt_diag,Dream,dLLM,instruct_templated,results/Dream-org_Dream-v0-Instruct-7B_countdown_cd4_32_32_32_8_0.7_8_512_128_generations_instruct_templated_fast_dllm.json,512,128,65536,65484,8,2490,58009,5029,0,0.0001220703125,0.07679738562091504,0.0767364501953125
countdown,prompt_diag,Dream,dLLM,instruct_flat,results/Dream-org_Dream-v0-Instruct-7B_countdown_cd4_32_32_32_8_0.7_8_512_128_generations_instruct_flat_fast_dllm.json,512,128,65536,65514,2,1387,57693,6454,0,3.0517578125e-05,0.09851329486827243,0.098480224609375
countdown,prompt_diag,Qwen,AR,instruct_templated,results/Qwen_Qwen2.5-7B-Instruct_countdown_cd4_32_8_0.7_8_512_128_generations_instruct_templated_vllm.json,512,128,65536,65536,0,1499,59144,4893,0,0.0,0.0746612548828125,0.0746612548828125
countdown,prompt_diag,Qwen,AR,instruct_flat,results/Qwen_Qwen2.5-7B-Instruct_countdown_cd4_32_8_0.7_8_512_128_generations_instruct_flat_vllm.json,512,128,65536,65536,0,3338,58191,4007,0,0.0,0.0611419677734375,0.0611419677734375
countdown,prompt_diag,Llama,AR,instruct_templated,results/meta-llama_Llama-3.1-8B-Instruct_countdown_cd4_32_8_0.7_8_512_128_generations_instruct_templated_vllm.json,512,128,65536,65525,2,22181,39227,4126,0,3.0517578125e-05,0.06296833269744373,0.062957763671875
countdown,prompt_diag,Llama,AR,instruct_flat,results/meta-llama_Llama-3.1-8B-Instruct_countdown_cd4_32_8_0.7_8_512_128_generations_instruct_flat_vllm.json,512,128,65536,65536,0,31451,30663,3422,0,0.0,0.052215576171875,0.052215576171875
trip_planning,base_main,LLaDA,dLLM,base_native,results/milestone2_trip_planning_llada_passk/GSAI-ML_LLaDA-8B-Base_trip_planning_256_256_32_1_0.7_2_200_64_generations_base_native_fast_dllm.json,200,64,12800,12799,563,0,11776,463,463,0.043984375,0.03617470114852723,0.036171875
trip_planning,base_main,Dream,dLLM,base_native,results/Dream-org_Dream-v0-Base-7B_trip_planning_256_256_32_1_0.7_2_200_64_generations_fast_dllm.json,200,64,12800,10562,6027,0,6407,696,696,0.470859375,0.06589661049043742,0.054375
trip_planning,base_main,Qwen,AR,base_native,results/Qwen_Qwen2.5-7B_trip_planning_256_1_0.7_2_200_64_generations_vllm.json,200,64,12800,11363,2678,0,9956,190,190,0.20921875,0.016720936372436858,0.01484375
trip_planning,base_main,Llama,AR,base_native,results/milestone2_trip_planning_llama_passk/meta-llama_Llama-3.1-8B_trip_planning_256_1_0.7_2_200_64_generations_base_native_vllm.json,200,64,12800,5406,7395,0,5091,314,314,0.577734375,0.05808361080281169,0.02453125
trip_planning,instruct_main,LLaDA,dLLM,instruct_templated,results/milestone2_trip_planning_llada_passk/GSAI-ML_LLaDA-8B-Instruct_trip_planning_256_256_16_1_0.7_2_200_64_generations_instruct_templated_fast_dllm.json,200,64,12800,12800,0,0,12672,128,128,0.0,0.01,0.01
trip_planning,instruct_main,Dream,dLLM,instruct_templated,results/Dream-org_Dream-v0-Instruct-7B_trip_planning_256_256_32_1_0.7_2_200_64_generations_fast_dllm.json,200,64,12800,12692,120,0,11956,724,724,0.009375,0.057043807122596914,0.0565625
trip_planning,instruct_main,Qwen,AR,instruct_templated,results/Qwen_Qwen2.5-7B-Instruct_trip_planning_256_1_0.7_2_200_64_generations_vllm.json,200,64,12800,12800,0,0,12589,211,211,0.0,0.016484375,0.016484375
trip_planning,instruct_main,Llama,AR,instruct_templated,results/milestone2_trip_planning_llama_passk/meta-llama_Llama-3.1-8B-Instruct_trip_planning_256_1_0.7_2_200_64_generations_instruct_templated_vllm.json,200,64,12800,8046,8704,0,3957,219,219,0.68,0.027218493661446682,0.017109375
trip_planning,instruct_flat,LLaDA,dLLM,instruct_flat,results/milestone2_trip_planning_llada_passk/GSAI-ML_LLaDA-8B-Instruct_trip_planning_256_256_16_1_0.7_2_200_64_generations_instruct_flat_fast_dllm.json,200,64,12800,12800,67,0,12578,155,155,0.005234375,0.012109375,0.012109375
trip_planning,instruct_flat,Llama,AR,instruct_flat,results/milestone2_trip_planning_llama_passk/meta-llama_Llama-3.1-8B-Instruct_trip_planning_256_1_0.7_2_200_64_generations_instruct_flat_vllm.json,200,64,12800,12270,645,0,11391,767,767,0.050390625,0.06251018744906275,0.059921875
